True,Pred,Correct,Confidence
29,29,True,0.83210444
11,11,True,0.99762946
2,2,True,0.97984356
20,20,True,0.9424651
9,9,True,0.8615224
38,38,True,0.91705513
21,21,True,0.9308556
27,27,True,0.64804417
49,49,True,0.94470495
31,31,True,0.99235314
33,33,True,0.9889953
18,18,True,0.2606669
22,22,True,0.73707676
12,12,True,0.9925988
2,2,True,0.98647213
34,34,True,0.99601173
34,34,True,0.93067694
4,4,True,0.95493376
15,15,True,0.99143535
1,1,True,0.5477376
23,23,True,0.73792946
5,5,True,0.9756857
35,35,True,0.95802337
20,20,True,0.94992596
37,37,True,0.9904759
20,20,True,0.5710522
13,13,True,0.9877549
16,16,True,0.99066496
42,42,True,0.95087016
45,45,True,0.97069
24,24,True,0.98558724
42,42,True,0.86528915
7,7,True,0.964673
47,47,True,0.6071582
5,48,False,0.45531985
3,33,False,0.32569766
31,31,True,0.8140865
25,25,True,0.66331625
8,8,True,0.73415565
7,7,True,0.8430225
33,33,True,0.81334555
0,0,True,0.8926595
24,24,True,0.9900407
5,5,True,0.9869637
40,40,True,0.9475854
44,44,True,0.99844295
0,0,True,0.9874056
23,23,True,0.5644247
48,48,True,0.9973916
13,13,True,0.49965632
6,6,True,0.9987411
18,18,True,0.97558695
15,15,True,0.99989736
25,25,True,0.9955243
7,7,True,0.91267127
7,7,True,0.34672803
39,39,True,0.9694929
47,47,True,0.9046506
30,30,True,0.9709914
33,25,False,0.5256606
11,11,True,0.9389591
12,12,True,0.9787916
35,35,True,0.8788583
0,0,True,0.70138896
17,17,True,0.9630683
44,44,True,0.9970566
6,6,True,0.99721175
45,45,True,0.9983115
1,1,True,0.98003834
2,2,True,0.8641417
3,3,True,0.9354835
37,37,True,0.9794404
1,1,True,0.69794524
33,33,True,0.5444115
13,13,True,0.88604647
27,27,True,0.7266084
28,28,True,0.9742193
43,43,True,0.983799
14,14,True,0.9910703
15,15,True,0.9998729
47,34,False,0.23688427
0,0,True,0.30920807
43,43,True,0.9950203
38,38,True,0.85047334
43,43,True,0.9979621
7,7,True,0.70651454
30,30,True,0.9904
45,45,True,0.92404366
10,10,True,0.6649951
12,12,True,0.88287836
11,11,True,0.99647045
5,5,True,0.9939394
22,22,True,0.7838991
7,7,True,0.9776154
7,7,True,0.89450824
33,33,True,0.98035747
32,32,True,0.95981747
44,44,True,0.97626764
15,15,True,0.8672692
40,17,False,0.19780523
10,0,False,0.3726816
9,9,True,0.92081976
27,27,True,0.9634323
4,4,True,0.95625216
28,28,True,0.9959849
29,29,True,0.9231157
14,14,True,0.98998827
42,42,True,0.9898084
31,31,True,0.68341
31,31,True,0.97239214
24,24,True,0.6336724
31,31,True,0.89378536
48,48,True,0.5774302
43,43,True,0.98728627
13,13,True,0.96376103
34,34,True,0.870676
28,28,True,0.81088936
32,32,True,0.8486418
48,48,True,0.97398007
49,49,True,0.9521165
24,24,True,0.9980274
28,28,True,0.9823712
45,45,True,0.76953834
9,30,False,0.2937294
24,24,True,0.9380388
11,11,True,0.99083555
12,12,True,0.7815537
48,48,True,0.98149085
1,1,True,0.7934638
12,35,False,0.27873018
2,2,True,0.9379258
49,49,True,0.9687164
47,47,True,0.8464352
33,33,True,0.9805927
5,5,True,0.95205414
38,21,False,0.21311782
30,30,True,0.28207946
46,46,True,0.95977116
27,27,True,0.9770358
3,3,True,0.99859804
17,17,True,0.33826685
40,40,True,0.7685124
29,29,True,0.95000964
25,25,True,0.9828184
39,39,True,0.78810436
28,28,True,0.9519882
39,39,True,0.16097026
30,22,False,0.4970272
8,8,True,0.93049365
13,13,True,0.5376097
27,27,True,0.93664736
8,8,True,0.9062591
48,48,True,0.99364036
11,11,True,0.96420884
38,38,True,0.9958835
20,20,True,0.87018484
49,49,True,0.7770775
24,24,True,0.62334454
30,30,True,0.99884254
12,12,True,0.98885614
27,27,True,0.9949825
41,41,True,0.99864846
5,5,True,0.982463
20,20,True,0.9968721
42,42,True,0.9382265
44,44,True,0.9533094
28,28,True,0.94622666
11,11,True,0.8627681
5,5,True,0.6217558
1,1,True,0.9243634
24,24,True,0.99004024
26,35,False,0.43353665
29,29,True,0.8079384
22,22,True,0.7802536
9,9,True,0.32872492
2,2,True,0.9802783
39,36,False,0.2835407
40,40,True,0.94455594
28,28,True,0.9742364
10,10,True,0.99912506
21,21,True,0.927968
39,39,True,0.97046006
20,20,True,0.99313533
29,29,True,0.7662665
43,43,True,0.99392694
10,10,True,0.98173726
47,47,True,0.9979413
4,4,True,0.9604179
47,47,True,0.9534697
2,2,True,0.987542
45,45,True,0.88950115
33,33,True,0.7013862
44,44,True,0.9828194
34,34,True,0.4837458
12,12,True,0.64069766
27,27,True,0.9924867
32,32,True,0.76454073
0,0,True,0.9696623
12,12,True,0.9973264
4,4,True,0.9193564
22,22,True,0.9211157
27,27,True,0.93036455
15,30,False,0.36201134
19,19,True,0.8964269
13,13,True,0.9991116
35,35,True,0.9806467
20,20,True,0.9777249
25,25,True,0.9952224
11,11,True,0.8653994
5,5,True,0.9923394
18,18,True,0.94714904
31,31,True,0.8516809
48,48,True,0.8793032
17,17,True,0.6588982
1,1,True,0.98379725
4,4,True,0.98877966
11,11,True,0.99635255
46,46,True,0.9826768
27,27,True,0.82187957
37,22,False,0.24079442
34,34,True,0.6774015
24,24,True,0.8972953
12,12,True,0.99376386
14,14,True,0.7515136
39,39,True,0.9764881
12,12,True,0.9799407
22,22,True,0.9370852
19,19,True,0.87215704
35,35,True,0.97685724
37,37,True,0.98824835
40,40,True,0.9412955
33,23,False,0.29052982
36,36,True,0.99883
39,39,True,0.857925
24,24,True,0.73016953
0,0,True,0.99759346
34,34,True,0.98606884
38,38,True,0.7131127
11,11,True,0.9933175
19,19,True,0.6026915
0,37,False,0.36308333
32,32,True,0.97431594
48,48,True,0.8286245
31,31,True,0.7101726
18,18,True,0.9256621
5,5,True,0.5534021
28,28,True,0.7073822
10,10,True,0.9969261
49,49,True,0.99525166
4,4,True,0.9735821
11,11,True,0.9451182
2,2,True,0.9507804
47,47,True,0.9069763
1,1,True,0.98142576
48,48,True,0.9977761
43,43,True,0.9966826
17,17,True,0.9920976
31,31,True,0.45192558
38,38,True,0.9461381
7,7,True,0.9180982
1,1,True,0.9444025
46,46,True,0.97696304
34,34,True,0.9982502
34,34,True,0.96155965
36,36,True,0.97592884
39,39,True,0.98280483
40,40,True,0.58572793
20,20,True,0.9404095
45,45,True,0.93815553
26,26,True,0.9363868
43,43,True,0.34537837
32,7,False,0.20609514
28,28,True,0.761237
11,11,True,0.92353225
49,49,True,0.9602971
32,32,True,0.9497001
4,4,True,0.34357208
48,48,True,0.91842467
42,42,True,0.9856329
17,17,True,0.892241
42,42,True,0.76253617
24,24,True,0.9838405
13,13,True,0.99134
39,39,True,0.9934283
21,26,False,0.39591613
27,21,False,0.1547815
39,39,True,0.9938647
0,0,True,0.84112066
33,33,True,0.99493176
14,14,True,0.6649401
44,44,True,0.9369074
37,37,True,0.44169393
7,7,True,0.5970635
16,16,True,0.9953237
17,17,True,0.974112
21,21,True,0.9824552
39,39,True,0.6527468
19,19,True,0.96954095
24,24,True,0.82480836
32,32,True,0.96007705
37,37,True,0.36519256
25,25,True,0.9751882
2,2,True,0.90930533
38,38,True,0.513381
28,28,True,0.9790948
14,21,False,0.71136373
26,26,True,0.8717379
31,31,True,0.96974576
2,2,True,0.7453052
2,2,True,0.99884343
45,45,True,0.97431505
0,0,True,0.9946526
44,44,True,0.9846401
31,31,True,0.71929497
41,41,True,0.97702456
33,33,True,0.8694496
23,23,True,0.53080904
1,1,True,0.9852196
48,48,True,0.9915868
8,8,True,0.98708457
45,45,True,0.66048974
8,8,True,0.85614306
31,31,True,0.8935611
15,15,True,0.98726374
15,15,True,0.9995505
24,24,True,0.5108662
31,31,True,0.8610247
18,18,True,0.981357
2,2,True,0.679172
24,24,True,0.97657317
34,34,True,0.977141
45,45,True,0.79122597
3,3,True,0.99150133
19,19,True,0.77900094
46,46,True,0.9797441
21,21,True,0.562641
13,13,True,0.9117868
35,35,True,0.9764014
5,5,True,0.40017065
29,29,True,0.99207336
29,29,True,0.9833491
8,8,True,0.9946688
8,8,True,0.9851437
41,41,True,0.9905223
15,15,True,0.9844242
42,42,True,0.9622124
21,21,True,0.9923368
6,6,True,0.9977986
17,17,True,0.9730621
26,26,True,0.97976077
5,5,True,0.47135305
30,30,True,0.96913993
1,34,False,0.29771942
46,46,True,0.9912135
31,31,True,0.89122057
10,10,True,0.98092663
25,25,True,0.99711823
35,35,True,0.26950774
12,12,True,0.9766292
9,9,True,0.95849615
6,6,True,0.96766984
15,15,True,0.9993044
0,0,True,0.76568496
0,0,True,0.9120641
35,35,True,0.79561543
22,22,True,0.97443604
32,32,True,0.92343414
12,12,True,0.94103277
41,41,True,0.9893099
22,22,True,0.8138799
9,9,True,0.9547199
28,28,True,0.531264
9,9,True,0.9872507
18,18,True,0.89504176
5,3,False,0.4449577
12,12,True,0.7488066
49,49,True,0.99262273
21,21,True,0.49174556
48,48,True,0.61458653
48,48,True,0.99311686
37,37,True,0.9985709
20,31,False,0.2184357
35,35,True,0.8754861
49,49,True,0.39162806
43,43,True,0.9831042
0,0,True,0.93204457
3,3,True,0.9871753
1,1,True,0.9069734
15,15,True,0.99986315
9,9,True,0.959341
19,19,True,0.9773981
10,0,False,0.54000425
12,12,True,0.9860789
15,15,True,0.9980149
8,8,True,0.97502464
43,43,True,0.9978351
1,1,True,0.9842464
36,36,True,0.9982286
9,9,True,0.37676987
46,45,False,0.5465522
11,11,True,0.6486928
17,17,True,0.9649757
40,40,True,0.9386436
28,28,True,0.99938726
46,46,True,0.98126894
30,30,True,0.83528936
31,31,True,0.9004783
37,37,True,0.9867699
49,49,True,0.51209253
22,22,True,0.65321946
24,24,True,0.9840789
8,8,True,0.8157369
18,18,True,0.70230305
35,35,True,0.9455442
12,12,True,0.9584192
19,19,True,0.9953194
10,10,True,0.97383296
25,25,True,0.81003344
4,4,True,0.99291563
46,46,True,0.9802611
9,26,False,0.4786314
42,30,False,0.6220645
47,47,True,0.949008
2,2,True,0.5630519
30,22,False,0.25181642
26,26,True,0.95393527
34,34,True,0.3006958
15,15,True,0.9987878
13,13,True,0.98272055
48,23,False,0.6078237
26,26,True,0.40309358
24,24,True,0.99732876
40,40,True,0.7103188
12,12,True,0.6702411
20,47,False,0.5284148
18,18,True,0.31441042
47,28,False,0.39927715
41,41,True,0.9603966
1,1,True,0.7181989
32,32,True,0.9885024
6,6,True,0.7520777
6,6,True,0.9881827
6,6,True,0.9997017
15,15,True,0.99761033
46,46,True,0.9714167
27,27,True,0.997459
49,49,True,0.9657856
3,3,True,0.9953844
19,19,True,0.5335999
7,7,True,0.8265838
16,16,True,0.9915792
49,49,True,0.9575621
42,42,True,0.9373002
43,43,True,0.9968765
47,47,True,0.30247825
16,16,True,0.9798646
28,28,True,0.89015895
14,27,False,0.68498635
1,1,True,0.9125573
24,24,True,0.9329374
10,10,True,0.998749
36,36,True,0.9021667
42,42,True,0.9851833
23,23,True,0.7800024
21,21,True,0.7554189
13,13,True,0.99045324
22,23,False,0.502192
17,17,True,0.9890041
49,49,True,0.689141
0,0,True,0.5444465
8,8,True,0.43056104
22,22,True,0.74500686
12,12,True,0.93195045
35,35,True,0.90820754
28,28,True,0.93324614
12,12,True,0.9400081
44,44,True,0.9890759
7,18,False,0.42599586
33,33,True,0.27506718
13,13,True,0.82848346
44,44,True,0.98197925
28,28,True,0.60099435
38,38,True,0.653578
14,14,True,0.8807606
44,44,True,0.9900412
37,37,True,0.90628916
38,38,True,0.9482596
42,42,True,0.9183869
24,24,True,0.9986473
8,8,True,0.73681813
35,35,True,0.78592235
5,5,True,0.856206
0,15,False,0.41664454
26,26,True,0.9201855
47,47,True,0.97914827
11,11,True,0.98911476
15,15,True,0.9612331
25,6,False,0.23567861
46,46,True,0.8480971
4,4,True,0.9970804
37,37,True,0.9895755
38,38,True,0.8189488
49,49,True,0.48883265
41,41,True,0.99783605
1,1,True,0.93825847
19,19,True,0.97067374
16,16,True,0.9980609
22,22,True,0.34027743
32,32,True,0.99077106
22,22,True,0.78434217
49,49,True,0.99537414
27,27,True,0.9456494
12,12,True,0.8862494
48,48,True,0.39977285
44,44,True,0.9881493
6,6,True,0.9320458
7,7,True,0.9014279
25,25,True,0.989647
32,32,True,0.98817796
11,11,True,0.99262685
16,16,True,0.998933
16,16,True,0.92659813
40,40,True,0.97691774
3,3,True,0.9036317
34,34,True,0.99866116
26,26,True,0.24060974
11,11,True,0.99304986
10,10,True,0.99336046
40,40,True,0.9964468
30,30,True,0.8649136
19,19,True,0.9890877
18,23,False,0.6471853
9,9,True,0.6670045
40,40,True,0.95647097
20,20,True,0.70525783
1,1,True,0.9320192
25,25,True,0.6832196
40,40,True,0.9856587
21,21,True,0.9562515
25,25,True,0.9973131
8,8,True,0.3669302
11,11,True,0.7321106
18,18,True,0.6908786
13,13,True,0.9801854
20,20,True,0.98776543
22,22,True,0.7348137
11,11,True,0.99617755
21,21,True,0.9715266
32,32,True,0.9976661
17,17,True,0.99856734
45,45,True,0.9286371
18,18,True,0.95855266
44,44,True,0.7990443
30,30,True,0.7514856
41,41,True,0.59189975
46,46,True,0.97156864
36,36,True,0.9171515
1,1,True,0.99555886
41,41,True,0.6328344
33,33,True,0.60657156
38,19,False,0.41651294
44,44,True,0.5548158
32,32,True,0.56319964
16,16,True,0.9923074
0,0,True,0.7158923
8,9,False,0.26410982
43,43,True,0.38309127
1,1,True,0.21912715
33,33,True,0.588754
4,4,True,0.98956525
33,33,True,0.9816337
41,41,True,0.99243367
1,1,True,0.9899183
21,21,True,0.96073866
28,28,True,0.82123864
24,24,True,0.99455583
35,35,True,0.9981572
5,5,True,0.8184587
2,2,True,0.9421538
1,1,True,0.9694792
30,30,True,0.9922915
48,3,False,0.36782765
49,49,True,0.9907171
43,43,True,0.95942897
10,10,True,0.99113387
10,10,True,0.97710073
33,33,True,0.7484859
5,5,True,0.65087736
44,44,True,0.9776328
19,19,True,0.9027666
9,9,True,0.93648237
7,7,True,0.99765366
24,24,True,0.99473864
45,0,False,0.35567218
42,42,True,0.97244656
43,43,True,0.81708187
41,41,True,0.9983015
30,30,True,0.95978147
43,43,True,0.9975121
32,32,True,0.5074051
24,24,True,0.92998624
30,30,True,0.9849967
10,10,True,0.90508074
46,46,True,0.8717441
2,2,True,0.9904502
7,7,True,0.1804846
2,2,True,0.7570379
25,25,True,0.47486117
45,45,True,0.9909915
44,44,True,0.89701176
27,27,True,0.96658015
43,35,False,0.47930494
41,41,True,0.99467516
35,35,True,0.9890188
33,33,True,0.95019466
45,45,True,0.91655636
15,15,True,0.9996216
16,16,True,0.9366829
17,17,True,0.9213065
28,28,True,0.99625766
14,14,True,0.9300908
18,18,True,0.87220085
38,38,True,0.957174
17,17,True,0.4188128
34,34,True,0.27080444
36,36,True,0.99709344
38,38,True,0.45090947
30,30,True,0.44900703
28,18,False,0.31861925
30,30,True,0.99754167
37,37,True,0.45682648
16,16,True,0.7782571
49,49,True,0.99864143
13,13,True,0.7180377
25,25,True,0.99807453
20,21,False,0.3753116
24,45,False,0.3812957
15,15,True,0.997262
11,11,True,0.87727004
13,13,True,0.9339721
47,47,True,0.99651635
44,44,True,0.97915274
28,28,True,0.705569
3,3,True,0.9890454
26,26,True,0.98401666
45,27,False,0.4388925
39,39,True,0.6236122
35,35,True,0.96796006
8,8,True,0.57516307
47,47,True,0.88667935
49,49,True,0.9746302
45,45,True,0.4941605
17,17,True,0.994678
4,4,True,0.9478641
19,19,True,0.99865437
39,39,True,0.8224434
43,43,True,0.67072874
31,31,True,0.40882945
12,12,True,0.9596546
17,35,False,0.2845536
7,7,True,0.9523538
8,8,True,0.982544
1,1,True,0.8655732
38,38,True,0.8712492
5,5,True,0.98114324
27,45,False,0.2924435
44,44,True,0.9820588
35,35,True,0.9901603
16,16,True,0.9944115
18,48,False,0.48020077
1,1,True,0.8750593
36,36,True,0.9863447
33,33,True,0.6972241
43,43,True,0.90005094
3,3,True,0.9337834
1,1,True,0.9866964
36,36,True,0.96002156
3,3,True,0.5544819
0,0,True,0.83051366
2,2,True,0.9941332
33,33,True,0.86772346
36,36,True,0.9799343
45,45,True,0.9845323
18,18,True,0.53916454
4,4,True,0.9968316
30,30,True,0.9989857
44,44,True,0.9812292
40,40,True,0.37000299
24,24,True,0.98786664
14,14,True,0.97914976
33,33,True,0.5335263
10,10,True,0.98181766
30,30,True,0.7156226
37,37,True,0.9258151
9,9,True,0.9195834
20,20,True,0.6908021
42,42,True,0.8165952
8,8,True,0.9929991
44,44,True,0.93610966
31,31,True,0.84070486
35,35,True,0.9833528
42,42,True,0.89017785
47,43,False,0.24908027
19,19,True,0.9953322
36,36,True,0.99749374
41,41,True,0.9966918
9,41,False,0.7035054
38,38,True,0.48525146
23,30,False,0.30382276
27,27,True,0.6210663
26,26,True,0.35503632
16,16,True,0.9986318
47,47,True,0.8640632
45,45,True,0.987772
29,29,True,0.85179377
42,42,True,0.9855627
21,21,True,0.62161106
6,6,True,0.9694548
18,18,True,0.5734221
14,14,True,0.935392
10,10,True,0.9795498
34,34,True,0.5782407
30,30,True,0.99246275
41,41,True,0.99851865
37,37,True,0.41468322
47,47,True,0.89860624
27,21,False,0.2488009
5,5,True,0.887405
10,10,True,0.96957713
45,45,True,0.7047109
14,14,True,0.6505891
26,26,True,0.9301354
24,24,True,0.9834651
21,21,True,0.71196496
33,33,True,0.9824271
19,19,True,0.9926649
30,30,True,0.99867696
0,0,True,0.8065774
36,36,True,0.99498546
43,43,True,0.70656997
46,46,True,0.88662845
2,2,True,0.5660055
5,5,True,0.5300204
28,28,True,0.9853234
30,30,True,0.7352914
3,3,True,0.9972464
44,44,True,0.95399547
18,5,False,0.36898547
48,48,True,0.8575592
15,15,True,0.7623807
5,5,True,0.99203306
4,41,False,0.65240514
28,28,True,0.9942275
33,33,True,0.9904689
5,5,True,0.9600709
47,47,True,0.80745023
39,39,True,0.9467863
29,29,True,0.9988651
11,11,True,0.99669623
14,14,True,0.97784233
26,26,True,0.66936725
42,42,True,0.9264591
38,38,True,0.8034251
38,11,False,0.6110891
34,34,True,0.95653355
35,35,True,0.5111874
38,38,True,0.9425495
28,28,True,0.9976804
12,12,True,0.7082672
21,21,True,0.19852449
8,8,True,0.90844023
18,18,True,0.81958205
45,45,True,0.75829387
34,34,True,0.7734429
18,48,False,0.3410327
29,29,True,0.9860714
25,25,True,0.9979381
49,49,True,0.9263074
5,5,True,0.7873559
4,4,True,0.9616326
36,36,True,0.85429597
38,38,True,0.22951578
13,13,True,0.93473834
45,45,True,0.74162155
10,10,True,0.85096234
24,24,True,0.9702415
15,15,True,0.9641112
25,25,True,0.9903425
16,16,True,0.99095565
22,22,True,0.9622282
0,0,True,0.9784088
0,0,True,0.95665336
32,32,True,0.9802919
7,7,True,0.9798364
16,16,True,0.9967174
15,15,True,0.9995881
22,22,True,0.40202582
17,17,True,0.39670897
11,11,True,0.92135113
26,11,False,0.60577565
14,14,True,0.88493353
13,13,True,0.99643034
44,44,True,0.9902868
45,45,True,0.9989236
7,7,True,0.68716156
42,15,False,0.3133178
24,24,True,0.9939219
25,25,True,0.997656
5,5,True,0.914825
20,20,True,0.70002943
33,33,True,0.53321296
41,41,True,0.99745566
7,7,True,0.64031607
36,36,True,0.99146515
23,23,True,0.97090054
31,31,True,0.98992467
41,41,True,0.8207954
36,36,True,0.38452038
15,15,True,0.9995838
23,23,True,0.9888848
3,3,True,0.9982262
24,24,True,0.9899136
5,5,True,0.9960537
33,33,True,0.9748302
31,31,True,0.7226758
29,29,True,0.9855936
26,26,True,0.8940311
49,49,True,0.99686545
46,46,True,0.962517
4,4,True,0.65408134
43,43,True,0.9983302
3,3,True,0.99777114
28,28,True,0.2912654
41,41,True,0.8951946
20,20,True,0.9195469
26,22,False,0.11317054
32,32,True,0.82189506
42,42,True,0.9955817
14,14,True,0.61351866
1,1,True,0.98713636
4,4,True,0.99844897
7,7,True,0.7214798
18,18,True,0.6591498
49,49,True,0.55104214
38,38,True,0.25530046
45,45,True,0.51771337
12,12,True,0.6098563
34,34,True,0.93917733
26,26,True,0.99718696
13,13,True,0.98098195
22,22,True,0.89572614
24,24,True,0.9761801
25,25,True,0.9995097
12,12,True,0.75826186
10,10,True,0.9579945
21,7,False,0.3686774
5,3,False,0.6812917
27,34,False,0.67209625
30,30,True,0.9981665
33,33,True,0.98299295
40,40,True,0.9806835
13,13,True,0.92379886
3,3,True,0.9653647
15,15,True,0.9718949
48,48,True,0.50220597
13,13,True,0.83380836
18,18,True,0.70903015
36,36,True,0.9949827
40,40,True,0.6910667
45,45,True,0.9944037
24,24,True,0.94348264
35,35,True,0.98892885
19,34,False,0.23912707
17,17,True,0.96830064
37,37,True,0.51014274
28,28,True,0.9109521
33,15,False,0.1972663
6,6,True,0.9870226
32,32,True,0.8518684
47,47,True,0.8662344
44,44,True,0.963778
22,22,True,0.2664068
30,30,True,0.9973489
40,40,True,0.58138454
2,2,True,0.80952114
10,10,True,0.99263966
46,46,True,0.9934164
8,8,True,0.37627727
1,1,True,0.9886679
16,16,True,0.99568033
19,19,True,0.99788266
18,18,True,0.45520437
28,28,True,0.9818143
26,26,True,0.56547457
35,35,True,0.9786614
47,47,True,0.9253639
18,18,True,0.5215784
36,36,True,0.95852816
13,13,True,0.9857863
45,45,True,0.9766128
10,10,True,0.9133558
45,45,True,0.37360877
32,32,True,0.9838591
26,26,True,0.7077517
26,43,False,0.3612349
12,12,True,0.99316084
10,10,True,0.97915435
22,22,True,0.7337607
45,22,False,0.28768012
31,31,True,0.75819623
43,43,True,0.9907997
3,3,True,0.86284786
23,23,True,0.8479766
4,4,True,0.9335568
4,4,True,0.6084129
37,37,True,0.7066957
26,26,True,0.21664655
4,4,True,0.9421011
16,16,True,0.98965377
43,43,True,0.9948537
38,38,True,0.74246377
39,39,True,0.99659973
34,34,True,0.98620087
19,19,True,0.99406093
4,4,True,0.94884557
41,41,True,0.9895745
10,10,True,0.9947842
37,37,True,0.9967002
49,49,True,0.970249
47,47,True,0.9359551
23,23,True,0.76947385
8,8,True,0.9130997
47,47,True,0.9483459
29,29,True,0.597968
4,4,True,0.98345953
17,17,True,0.95040596
19,19,True,0.6275316
37,22,False,0.8180421
2,2,True,0.7324885
24,25,False,0.3881073
5,5,True,0.5536403
37,37,True,0.8372716
21,21,True,0.91114545
0,0,True,0.99372596
39,15,False,0.52354836
31,31,True,0.9426637
37,37,True,0.9743746
18,18,True,0.95910054
35,35,True,0.9748915
21,21,True,0.9358964
45,45,True,0.8610969
47,47,True,0.9302787
34,34,True,0.99465215
19,19,True,0.9033953
23,23,True,0.67199016
44,44,True,0.80247194
35,35,True,0.9488929
41,41,True,0.93302274
36,1,False,0.5067873
37,37,True,0.97272563
18,18,True,0.583512
23,23,True,0.96027255
20,20,True,0.95594263
24,24,True,0.8509136
7,31,False,0.14317979
27,27,True,0.8253094
0,0,True,0.98955053
48,48,True,0.7803487
49,49,True,0.6917238
6,6,True,0.99892503
22,22,True,0.7515163
32,32,True,0.94848186
3,3,True,0.98402286
10,10,True,0.9988171
4,4,True,0.84302866
11,11,True,0.9896053
32,32,True,0.98473746
4,4,True,0.89835054
21,21,True,0.5734047
6,6,True,0.9987789
11,11,True,0.53086424
47,40,False,0.7953712
49,49,True,0.9898594
28,28,True,0.9729618
49,49,True,0.96879286
48,48,True,0.53278315
16,16,True,0.99741876
33,33,True,0.9856564
47,47,True,0.8846281
34,34,True,0.95112485
32,32,True,0.9436617
10,10,True,0.896176
29,29,True,0.90224856
17,17,True,0.9674823
12,12,True,0.61594796
36,36,True,0.90298766
32,32,True,0.9544341
11,11,True,0.8707817
10,22,False,0.5464925
11,11,True,0.9977925
30,30,True,0.9345672
47,47,True,0.9627269
17,17,True,0.46548864
33,33,True,0.9391732
0,0,True,0.94972235
20,36,False,0.17668274
38,18,False,0.62614834
32,32,True,0.66748255
33,33,True,0.97863364
45,45,True,0.8738672
40,40,True,0.99976915
20,20,True,0.9328131
45,45,True,0.91793686
1,1,True,0.6037653
19,19,True,0.9869926
24,24,True,0.9832063
19,19,True,0.8437087
3,3,True,0.956172
21,21,True,0.9374543
16,16,True,0.99392706
4,4,True,0.84577245
34,34,True,0.98644745
13,13,True,0.9897766
39,39,True,0.99482095
7,7,True,0.7379701
40,40,True,0.9641725
1,1,True,0.9740767
44,44,True,0.9904474
12,12,True,0.5180478
37,37,True,0.24193996
35,35,True,0.9983292
10,10,True,0.86701304
14,14,True,0.9852078
2,2,True,0.47972158
29,29,True,0.9657723
27,27,True,0.98426384
12,12,True,0.7339735
17,17,True,0.9872994
30,30,True,0.7254387
39,39,True,0.99847573
33,33,True,0.9236653
0,0,True,0.97030467
19,19,True,0.9138179
35,35,True,0.42952836
15,15,True,0.9563816
31,14,False,0.19155383
30,30,True,0.37566853
20,20,True,0.6570762
45,45,True,0.92826754
41,41,True,0.9961123
41,41,True,0.93960696
23,23,True,0.5334033
48,1,False,0.23987964
48,48,True,0.9940832
42,42,True,0.9862503
41,41,True,0.8736563
46,46,True,0.7941256
45,45,True,0.81030345
8,8,True,0.97756344
7,7,True,0.725668
48,23,False,0.54024833
19,19,True,0.700344
6,6,True,0.9877489
1,1,True,0.8783637
13,13,True,0.66266716
16,16,True,0.9960836
14,14,True,0.95987976
21,14,False,0.495171
3,3,True,0.9616808
49,49,True,0.9919407
17,17,True,0.35906348
20,20,True,0.99708694
5,3,False,0.61093366
9,9,True,0.52092373
27,27,True,0.9994486
0,0,True,0.7729308
12,12,True,0.88764036
12,12,True,0.99530953
43,43,True,0.9937875
33,33,True,0.981557
1,1,True,0.9969754
17,17,True,0.94491833
11,11,True,0.9953242
46,46,True,0.7810832
39,39,True,0.99690175
42,42,True,0.79539675
5,5,True,0.98487455
45,45,True,0.55566645
46,46,True,0.9879925
43,43,True,0.43287778
14,14,True,0.8716253
19,19,True,0.8604468
15,15,True,0.99844754
15,15,True,0.98802245
34,34,True,0.4350806
29,29,True,0.69828176
4,4,True,0.93327177
7,7,True,0.9654338
40,40,True,0.94399834
41,41,True,0.99352807
19,19,True,0.42751062
22,22,True,0.9345366
25,25,True,0.98901844
8,8,True,0.9651048
3,3,True,0.86585855
11,11,True,0.9658351
24,24,True,0.997546
19,19,True,0.27713206
9,9,True,0.69032913
7,7,True,0.9731328
35,35,True,0.9915297
27,27,True,0.9613061
33,33,True,0.43085247
2,2,True,0.9909105
3,3,True,0.99873453
13,13,True,0.99691224
45,45,True,0.96170795
11,11,True,0.990558
4,4,True,0.8909877
27,27,True,0.9324986
46,46,True,0.9923264
1,1,True,0.9886923
31,31,True,0.8291334
15,15,True,0.9985669
45,45,True,0.99897194
29,29,True,0.9896221
29,29,True,0.3800989
32,32,True,0.78438383
9,9,True,0.5797293
22,29,False,0.15956303
16,16,True,0.6912072
27,27,True,0.86121035
21,21,True,0.9198029
1,1,True,0.60651124
39,39,True,0.8730865
13,13,True,0.32821858
31,34,False,0.3855119
49,49,True,0.99905616
45,45,True,0.30894393
13,13,True,0.7845956
31,31,True,0.86648166
28,40,False,0.7738557
13,13,True,0.96430355
35,35,True,0.5100431
36,36,True,0.88699377
9,9,True,0.9848626
49,49,True,0.8810815
23,23,True,0.9975019
37,37,True,0.9975805
14,14,True,0.93483716
49,49,True,0.9700617
41,41,True,0.92019176
33,33,True,0.9347254
27,27,True,0.9542643
38,38,True,0.9658098
30,30,True,0.67510617
36,36,True,0.9946266
45,45,True,0.9401617
5,5,True,0.8210815
12,12,True,0.9500075
24,3,False,0.84175974
14,14,True,0.6624338
12,12,True,0.98169655
48,48,True,0.70083934
20,36,False,0.6890451
25,25,True,0.87523705
30,30,True,0.6571958
23,23,True,0.99262834
23,23,True,0.6144646
15,15,True,0.9993955
20,20,True,0.9952194
22,22,True,0.96290416
19,19,True,0.96145993
10,10,True,0.9358593
8,8,True,0.98553383
18,18,True,0.5234135
31,31,True,0.9828841
16,16,True,0.9977597
41,41,True,0.7948059
43,43,True,0.9828268
22,22,True,0.9655978
6,6,True,0.8557851
8,8,True,0.82855636
14,14,True,0.9593481
41,7,False,0.28267196
9,9,True,0.902954
33,46,False,0.52562225
23,23,True,0.9953473
33,33,True,0.68624765
37,37,True,0.9409499
6,6,True,0.995492
26,26,True,0.73316807
42,42,True,0.9346734
25,25,True,0.99468344
45,45,True,0.9312637
19,19,True,0.96644443
10,10,True,0.8656667
11,11,True,0.43607032
13,13,True,0.99735236
27,27,True,0.918357
44,44,True,0.95700353
44,44,True,0.5116458
39,39,True,0.47150162
13,13,True,0.9930401
38,38,True,0.67413336
25,25,True,0.9691738
32,32,True,0.97481424
46,46,True,0.7063293
43,43,True,0.96700066
25,25,True,0.99904674
49,49,True,0.97865856
11,11,True,0.9295883
36,36,True,0.97671515
8,40,False,0.46253398
45,45,True,0.72206324
44,44,True,0.9976767
23,23,True,0.70656925
13,13,True,0.8938681
18,18,True,0.9925368
38,38,True,0.75173694
2,2,True,0.9015656
19,19,True,0.570374
25,25,True,0.99299026
21,34,False,0.4127102
24,24,True,0.2738776
40,40,True,0.96804696
25,25,True,0.827239
25,25,True,0.66145414
14,14,True,0.7685919
47,47,True,0.7155081
36,36,True,0.7509285
44,44,True,0.913663
48,48,True,0.7095253
31,34,False,0.52546793
25,25,True,0.6376484
44,44,True,0.9864585
2,2,True,0.99538064
26,6,False,0.50997466
47,47,True,0.99683017
7,7,True,0.9789933
28,28,True,0.9321103
34,34,True,0.9947871
7,7,True,0.9077912
47,47,True,0.7786111
16,16,True,0.9972254
15,15,True,0.9956702
42,42,True,0.9371873
22,5,False,0.4774952
36,36,True,0.9948677
7,23,False,0.23748063
35,35,True,0.6696302
31,31,True,0.99864346
16,16,True,0.9810713
35,35,True,0.8147955
20,20,True,0.9466509
10,10,True,0.76858324
5,5,True,0.9788063
3,3,True,0.9778431
9,8,False,0.56232506
27,27,True,0.99279624
45,45,True,0.9769803
30,30,True,0.27066666
11,11,True,0.996603
2,2,True,0.9896618
15,15,True,0.99964046
26,29,False,0.35374582
6,6,True,0.99886537
36,9,False,0.6256968
33,33,True,0.77101034
0,0,True,0.9681806
47,47,True,0.80811733
9,9,True,0.9475518
38,27,False,0.44089854
35,35,True,0.9848135
37,37,True,0.97636956
12,12,True,0.9647767
37,37,True,0.9865432
26,26,True,0.2982463
5,5,True,0.96839654
5,5,True,0.9885578
14,6,False,0.2303761
18,18,True,0.43076804
7,3,False,0.31148723
12,12,True,0.96611196
18,18,True,0.9848942
39,39,True,0.9882295
12,19,False,0.28469387
36,36,True,0.9986265
9,15,False,0.33913365
43,43,True,0.2963375
4,4,True,0.98290837
35,35,True,0.9958617
16,16,True,0.9071377
31,31,True,0.69920343
1,1,True,0.5532363
40,40,True,0.99935216
27,27,True,0.93915683
34,34,True,0.9277868
33,33,True,0.65506846
31,31,True,0.9609282
21,21,True,0.84619904
28,28,True,0.995937
22,22,True,0.991046
29,29,True,0.9980702
46,46,True,0.9750822
14,14,True,0.58793896
45,45,True,0.9949633
15,15,True,0.99733365
20,20,True,0.98893654
26,26,True,0.98746836
0,0,True,0.96203834
29,29,True,0.69839776
28,28,True,0.9736118
4,4,True,0.801381
36,36,True,0.9850188
6,6,True,0.97360694
14,14,True,0.77751714
8,8,True,0.91729516
3,3,True,0.988106
22,22,True,0.9750283
5,5,True,0.51468027
43,31,False,0.15084168
28,28,True,0.668342
23,23,True,0.6461975
49,49,True,0.9969875
35,35,True,0.8952413
14,14,True,0.9710171
16,16,True,0.9895438
30,30,True,0.9278525
29,29,True,0.6708997
10,10,True,0.8395173
20,20,True,0.9509905
26,26,True,0.9974337
15,15,True,0.9985114
9,9,True,0.96040857
38,38,True,0.92592967
10,10,True,0.91092086
12,12,True,0.97113454
43,43,True,0.99581665
16,16,True,0.9616138
5,5,True,0.6869691
43,43,True,0.974098
19,19,True,0.9979361
23,23,True,0.99674547
29,29,True,0.9368417
27,27,True,0.970833
16,16,True,0.9314198
4,4,True,0.9532893
3,3,True,0.9791509
32,32,True,0.8932669
36,36,True,0.99583876
43,43,True,0.9998246
26,26,True,0.9950053
1,1,True,0.82605547
2,2,True,0.9602478
48,48,True,0.89593804
18,18,True,0.9697325
32,32,True,0.9313505
43,43,True,0.47722927
20,20,True,0.9647786
33,33,True,0.9297708
20,19,False,0.27089968
49,49,True,0.99243003
46,46,True,0.9985108
43,43,True,0.98812777
46,46,True,0.7631238
23,23,True,0.89811504
26,26,True,0.99894744
19,19,True,0.9973341
4,4,True,0.9779725
39,39,True,0.4239117
17,17,True,0.8207133
28,28,True,0.9974395
23,23,True,0.7158121
1,1,True,0.98712707
7,7,True,0.8517942
28,28,True,0.41462043
0,0,True,0.44723004
8,8,True,0.59070104
13,21,False,0.54328626
16,16,True,0.9342562
40,40,True,0.996705
0,0,True,0.78061634
41,41,True,0.99918014
21,21,True,0.6945168
10,10,True,0.997341
45,45,True,0.7514041
34,26,False,0.56660193
9,9,True,0.9159156
16,16,True,0.99321645
6,6,True,0.9962565
28,28,True,0.85246223
41,41,True,0.9984257
13,13,True,0.85825074
47,47,True,0.9362036
22,22,True,0.9576053
3,3,True,0.989513
13,13,True,0.944845
22,22,True,0.9739785
12,12,True,0.37366757
16,16,True,0.96793646
7,7,True,0.98627484
3,3,True,0.98518294
46,46,True,0.8512135
6,6,True,0.97987545
18,18,True,0.8030764
37,37,True,0.97403526
13,13,True,0.8702354
49,49,True,0.9972184
30,30,True,0.972635
11,11,True,0.997841
32,32,True,0.98965377
5,5,True,0.5222467
8,8,True,0.9886796
17,17,True,0.9897503
19,19,True,0.99525344
14,14,True,0.96879625
27,27,True,0.5952884
24,24,True,0.9947842
49,49,True,0.95287603
32,32,True,0.9693452
16,16,True,0.9947848
35,35,True,0.960704
26,26,True,0.9751937
9,9,True,0.98022914
4,30,False,0.77492
41,41,True,0.8905229
22,22,True,0.74305964
43,43,True,0.981901
38,38,True,0.99720484
33,33,True,0.8191279
33,33,True,0.8246857
44,44,True,0.98952556
21,35,False,0.24720733
19,19,True,0.8914684
34,34,True,0.8240678
24,33,False,0.72554797
18,18,True,0.43080485
7,7,True,0.98442763
38,1,False,0.410354
15,15,True,0.9999186
2,2,True,0.9969758
19,19,True,0.71984065
6,6,True,0.99835086
22,22,True,0.36959627
18,18,True,0.99443936
23,23,True,0.9946074
43,43,True,0.9896889
6,6,True,0.99865913
9,9,True,0.49001616
47,47,True,0.6178472
30,30,True,0.9935207
16,16,True,0.92459375
43,43,True,0.9390804
20,20,True,0.75682336
29,29,True,0.99652064
14,14,True,0.9964302
43,43,True,0.9985014
24,24,True,0.9868815
6,6,True,0.85552907
12,12,True,0.97806644
0,0,True,0.70530605
40,40,True,0.9719624
38,38,True,0.8309503
6,6,True,0.9814539
13,13,True,0.91243875
31,31,True,0.9311517
33,33,True,0.85784113
43,43,True,0.9597538
39,39,True,0.88178384
5,5,True,0.9952158
44,44,True,0.9901068
14,24,False,0.3303983
20,20,True,0.9871705
23,18,False,0.47823942
25,25,True,0.9919594
30,30,True,0.6491716
42,42,True,0.7985521
46,46,True,0.94404197
17,17,True,0.9870968
48,48,True,0.9547353
40,40,True,0.9942327
14,14,True,0.8096002
13,13,True,0.9983877
8,8,True,0.91513443
36,36,True,0.9991641
3,30,False,0.46238342
43,43,True,0.9716716
46,46,True,0.96328574
48,48,True,0.99832374
41,41,True,0.89082986
21,21,True,0.837806
9,9,True,0.6794212
34,34,True,0.9273652
39,39,True,0.9992316
11,11,True,0.8461003
15,15,True,0.96443784
30,30,True,0.9947461
2,2,True,0.9854858
48,48,True,0.94563895
30,30,True,0.9988097
49,49,True,0.98599005
2,2,True,0.94519717
19,19,True,0.9993369
15,15,True,0.99858814
37,37,True,0.9973845
25,25,True,0.7509092
5,5,True,0.946714
34,34,True,0.9948637
11,11,True,0.26954126
19,19,True,0.9967559
14,14,True,0.8962882
12,12,True,0.77757233
10,10,True,0.9269417
28,28,True,0.9748321
18,18,True,0.99276215
48,48,True,0.915718
0,0,True,0.66412354
30,30,True,0.84350896
0,0,True,0.99223125
13,13,True,0.9989184
20,20,True,0.8920515
3,3,True,0.9951231
17,17,True,0.94455117
15,15,True,0.998684
46,46,True,0.37972265
48,48,True,0.57683045
29,29,True,0.5196796
7,7,True,0.4856956
18,18,True,0.9186421
8,8,True,0.7640415
14,14,True,0.4990029
33,33,True,0.56490684
12,12,True,0.9908269
35,35,True,0.988667
39,39,True,0.49548572
37,37,True,0.9986292
37,37,True,0.31493285
10,10,True,0.99533844
10,10,True,0.49575436
48,48,True,0.42533922
38,38,True,0.24643098
1,1,True,0.9607895
4,4,True,0.98809737
36,36,True,0.9791632
1,1,True,0.87810546
28,28,True,0.78942657
48,48,True,0.883964
11,11,True,0.88775957
1,1,True,0.8068866
25,25,True,0.98383373
26,26,True,0.9480541
10,10,True,0.98535466
41,41,True,0.961732
7,7,True,0.9707748
0,0,True,0.35724097
28,28,True,0.70309645
10,10,True,0.9542215
49,49,True,0.97431594
18,18,True,0.84811485
35,35,True,0.7379088
2,2,True,0.99271953
28,28,True,0.952298
5,5,True,0.6149821
32,32,True,0.9205452
38,38,True,0.83588946
20,20,True,0.8373071
24,24,True,0.98175186
38,40,False,0.585059
25,25,True,0.99915075
41,41,True,0.99921525
25,25,True,0.9907217
44,44,True,0.8885408
7,7,True,0.9948489
30,42,False,0.5075598
19,19,True,0.86132646
40,40,True,0.8617684
35,35,True,0.994191
41,41,True,0.96865517
32,32,True,0.98081
49,13,False,0.21645455
11,11,True,0.9211086
39,39,True,0.99584335
8,8,True,0.9499796
34,1,False,0.1700782
33,33,True,0.5942004
33,31,False,0.3188471
44,44,True,0.44988176
24,25,False,0.5932069
43,43,True,0.9985794
42,42,True,0.832992
22,22,True,0.546863
12,12,True,0.7108158
27,27,True,0.83057046
4,4,True,0.855922
42,42,True,0.99099624
47,47,True,0.59559095
9,9,True,0.9225525
33,33,True,0.32592925
0,0,True,0.8570469
41,41,True,0.996214
28,28,True,0.95466775
25,25,True,0.9882075
20,20,True,0.988463
11,11,True,0.8274689
10,10,True,0.97695667
43,43,True,0.98842376
32,32,True,0.85476863
21,21,True,0.8052406
11,11,True,0.95711976
1,1,True,0.670095
35,35,True,0.70767856
41,41,True,0.99963474
32,32,True,0.88333344
36,36,True,0.99876213
17,17,True,0.8573553
38,38,True,0.91808
25,25,True,0.9983045
40,40,True,0.9913611
11,37,False,0.47086877
12,12,True,0.98525965
17,17,True,0.9864892
19,19,True,0.763146
22,0,False,0.387427
6,6,True,0.45301265
14,14,True,0.97613883
12,12,True,0.95889497
12,12,True,0.544606
21,21,True,0.9533536
5,5,True,0.4398013
34,34,True,0.7331762
37,37,True,0.7692944
48,48,True,0.41265696
29,29,True,0.99693763
45,45,True,0.882254
43,43,True,0.99829835
8,8,True,0.99760014
17,17,True,0.99146795
4,4,True,0.91852623
1,1,True,0.99318486
46,46,True,0.9955967
39,39,True,0.9869682
40,40,True,0.9935868
20,20,True,0.97789896
45,45,True,0.7268271
7,7,True,0.26118064
25,25,True,0.35868084
34,34,True,0.98287266
23,23,True,0.8178901
5,5,True,0.9990452
37,37,True,0.935465
43,43,True,0.9762166
3,3,True,0.9982455
43,43,True,0.98776966
5,5,True,0.9472393
2,2,True,0.88493615
28,21,False,0.33286002
35,35,True,0.2820773
1,1,True,0.9816295
39,39,True,0.9922087
16,16,True,0.99395096
44,44,True,0.97692573
11,11,True,0.6606997
23,23,True,0.72176385
46,25,False,0.55847216
20,20,True,0.94208497
40,40,True,0.9865015
29,29,True,0.41539887
14,18,False,0.34828645
26,26,True,0.8637922
18,18,True,0.937612
9,9,True,0.9523345
24,24,True,0.9848615
23,23,True,0.26697907
24,24,True,0.9747561
46,46,True,0.8106826
17,17,True,0.8737934
12,12,True,0.5764765
9,9,True,0.9709491
26,26,True,0.9950305
35,35,True,0.99465597
0,0,True,0.99696046
25,45,False,0.3247015
5,23,False,0.39985013
40,40,True,0.99729484
25,25,True,0.8586784
38,38,True,0.94093883
37,30,False,0.15443231
2,2,True,0.75147337
25,25,True,0.99930453
10,10,True,0.99853134
18,18,True,0.9184908
18,18,True,0.90963936
1,1,True,0.9197892
4,4,True,0.9979101
31,31,True,0.93149346
18,15,False,0.61082995
41,41,True,0.93616796
1,1,True,0.9134079
1,1,True,0.9870907
8,8,True,0.4180761
21,21,True,0.7865677
44,44,True,0.9294866
46,46,True,0.9750351
27,27,True,0.8990696
39,39,True,0.9642585
36,36,True,0.9832371
11,11,True,0.98059535
3,3,True,0.9727297
6,6,True,0.9782973
40,40,True,0.9996006
10,10,True,0.59602684
12,12,True,0.92601585
36,36,True,0.992831
1,1,True,0.9766124
15,15,True,0.99706
45,45,True,0.9774865
15,15,True,0.99920064
29,29,True,0.66257375
15,15,True,0.9983991
47,47,True,0.89203244
8,8,True,0.97638637
34,48,False,0.29757893
31,31,True,0.9889585
25,25,True,0.41305783
18,18,True,0.968403
37,37,True,0.9277842
33,33,True,0.90581256
14,21,False,0.1775927
41,41,True,0.91445446
40,40,True,0.88785315
6,6,True,0.985052
0,0,True,0.9099192
17,17,True,0.95652264
31,31,True,0.42540756
48,48,True,0.7413062
36,36,True,0.98337674
0,0,True,0.85259706
26,26,True,0.9632183
26,26,True,0.9941381
13,13,True,0.93504816
32,32,True,0.687298
0,0,True,0.9902867
39,39,True,0.56940573
13,13,True,0.98312944
2,2,True,0.99826616
36,36,True,0.9812557
40,40,True,0.91183627
26,26,True,0.64082575
22,29,False,0.49665663
29,29,True,0.9986203
44,44,True,0.96409476
37,13,False,0.34417263
14,14,True,0.98282826
4,4,True,0.8437622
19,19,True,0.983548
43,43,True,0.91785175
32,32,True,0.9961765
24,24,True,0.975194
5,5,True,0.4913646
8,8,True,0.938019
4,4,True,0.9900287
5,5,True,0.6535315
47,47,True,0.94861436
3,3,True,0.9792188
34,34,True,0.36918595
18,18,True,0.84420395
16,16,True,0.9929014
22,22,True,0.49503258
23,23,True,0.5647726
0,0,True,0.9861601
33,25,False,0.76498663
11,11,True,0.9966143
32,32,True,0.9888592
13,13,True,0.9536508
16,16,True,0.99688524
40,40,True,0.9835829
27,27,True,0.9987722
35,35,True,0.2707952
24,24,True,0.9727859
36,36,True,0.9951806
16,16,True,0.97884697
8,8,True,0.5633081
28,28,True,0.99853885
1,1,True,0.79947656
46,46,True,0.9005446
43,43,True,0.9914813
21,21,True,0.8221211
0,0,True,0.92224056
21,21,True,0.49805075
39,39,True,0.99355996
7,7,True,0.80477494
29,29,True,0.98982495
8,8,True,0.89032036
8,8,True,0.88964635
18,18,True,0.31725213
34,34,True,0.9971636
22,22,True,0.9671035
33,33,True,0.921751
26,26,True,0.9868035
3,3,True,0.92315066
24,24,True,0.6077477
16,16,True,0.9961591
22,22,True,0.8599788
1,41,False,0.7320755
14,14,True,0.9276975
48,48,True,0.9458543
39,39,True,0.9287367
37,37,True,0.5551493
37,37,True,0.98754996
19,19,True,0.9926621
29,29,True,0.3943663
4,4,True,0.98245203
32,32,True,0.97067034
18,18,True,0.84479165
27,27,True,0.9769359
18,18,True,0.93728834
18,18,True,0.36945945
11,11,True,0.9579024
11,11,True,0.9516463
14,14,True,0.9537838
48,48,True,0.8397939
42,42,True,0.99881905
35,35,True,0.9917762
16,16,True,0.57511705
21,21,True,0.9401363
14,14,True,0.99175334
30,30,True,0.66984814
8,8,True,0.9891188
33,33,True,0.63794094
36,36,True,0.9152046
11,11,True,0.9960633
6,6,True,0.9992174
28,28,True,0.9509967
4,4,True,0.8578658
27,27,True,0.7820144
5,5,True,0.80838114
18,18,True,0.4154145
42,42,True,0.97475547
24,24,True,0.96537256
8,49,False,0.35056883
29,29,True,0.99562705
22,29,False,0.36677077
22,22,True,0.438972
26,26,True,0.97719806
29,29,True,0.81712115
29,29,True,0.9900017
10,10,True,0.98008406
24,24,True,0.94844735
15,15,True,0.99989116
7,30,False,0.3023144
42,15,False,0.42820862
29,29,True,0.3331416
30,30,True,0.9908126
0,0,True,0.9152687
21,21,True,0.8129538
40,40,True,0.9968411
25,25,True,0.50303847
43,43,True,0.9947038
46,46,True,0.9666823
25,25,True,0.99869376
44,44,True,0.9866838
2,2,True,0.97276545
38,38,True,0.611602
16,16,True,0.97767353
47,47,True,0.9805623
17,33,False,0.30812982
28,41,False,0.4847893
14,14,True,0.9001994
25,25,True,0.9992434
13,13,True,0.9112099
31,31,True,0.99135613
41,41,True,0.8443595
30,30,True,0.9568733
20,20,True,0.9646524
21,21,True,0.8599444
47,47,True,0.8902008
4,4,True,0.9850847
14,14,True,0.978632
11,11,True,0.62088454
38,40,False,0.32760823
43,43,True,0.7608291
26,26,True,0.4821223
4,4,True,0.9934614
16,16,True,0.9605244
4,4,True,0.97798
16,16,True,0.9061706
41,32,False,0.32924202
23,23,True,0.82970047
2,2,True,0.6394412
3,3,True,0.9968029
12,12,True,0.92000306
22,22,True,0.82165295
7,7,True,0.44886845
35,35,True,0.76075906
15,15,True,0.943264
45,45,True,0.82180154
40,40,True,0.9617259
0,0,True,0.91252315
23,23,True,0.93750256
23,23,True,0.9824827
3,3,True,0.90161085
45,45,True,0.9637655
16,16,True,0.62035286
30,30,True,0.9765152
8,8,True,0.9600584
34,34,True,0.94817346
22,22,True,0.98966855
6,6,True,0.9843925
21,21,True,0.39827737
17,17,True,0.9987387
3,3,True,0.78637344
16,16,True,0.9977149
40,40,True,0.5664593
1,1,True,0.8974383
45,45,True,0.64751554
17,17,True,0.9021227
34,34,True,0.92171943
31,31,True,0.77114
0,0,True,0.9021189
5,5,True,0.9959384
5,5,True,0.72374666
14,14,True,0.83359796
16,16,True,0.9734346
30,21,False,0.845426
28,28,True,0.9917645
42,42,True,0.9475578
45,45,True,0.99515754
14,14,True,0.66008484
22,22,True,0.9605565
15,15,True,0.9529073
25,25,True,0.5822728
28,28,True,0.990989
42,42,True,0.94567275
20,20,True,0.924309
41,41,True,0.9961636
32,32,True,0.9508001
25,25,True,0.5471915
38,38,True,0.36177212
18,18,True,0.9525591
18,18,True,0.5451854
36,36,True,0.9975442
38,38,True,0.76591426
29,29,True,0.9926997
13,13,True,0.9549978
36,36,True,0.46516615
9,9,True,0.7923575
16,16,True,0.8867378
3,3,True,0.9997241
46,46,True,0.984611
0,0,True,0.984029
1,21,False,0.38638633
46,46,True,0.9954846
10,10,True,0.98945975
38,38,True,0.9470576
42,42,True,0.96874577
28,28,True,0.992054
22,11,False,0.42229703
1,1,True,0.9974673
23,23,True,0.8437843
33,33,True,0.65774024
13,13,True,0.24176346
6,6,True,0.99450856
7,7,True,0.7452702
37,37,True,0.29533452
49,49,True,0.986839
4,4,True,0.68643194
13,13,True,0.6637985
24,24,True,0.7677511
13,13,True,0.98835933
33,33,True,0.9301146
30,30,True,0.98486775
37,37,True,0.9474772
29,29,True,0.9836573
30,30,True,0.6569852
4,4,True,0.9982748
44,44,True,0.98444116
0,0,True,0.9755697
10,10,True,0.9944389
3,3,True,0.9900501
36,36,True,0.9975247
17,17,True,0.90319335
12,12,True,0.98510695
20,20,True,0.8625134
40,40,True,0.9685923
26,26,True,0.97363746
22,22,True,0.63648784
17,3,False,0.97580147
14,14,True,0.99642915
45,6,False,0.22760342
44,44,True,0.9083791
48,48,True,0.98580045
41,41,True,0.4077083
29,29,True,0.97371507
34,34,True,0.9480161
21,21,True,0.80950546
19,19,True,0.19048356
17,17,True,0.94744414
31,31,True,0.5535563
25,33,False,0.20044544
29,29,True,0.99767786
42,42,True,0.87116027
2,2,True,0.9974534
6,6,True,0.9986904
38,38,True,0.7640154
23,23,True,0.5734212
46,46,True,0.9699883
15,15,True,0.9965952
19,19,True,0.9880206
29,29,True,0.9909435
47,47,True,0.49353516
3,3,True,0.99758685
43,37,False,0.68025106
35,35,True,0.627311
40,40,True,0.8059168
14,14,True,0.17236026
31,31,True,0.20716919
44,44,True,0.9648366
41,41,True,0.7508539
28,37,False,0.2972896
0,0,True,0.64054817
45,45,True,0.97248894
39,39,True,0.9906675
43,43,True,0.99163085
49,49,True,0.99348277
45,45,True,0.51857287
4,4,True,0.9865443
4,4,True,0.6326173
43,43,True,0.9569847
27,27,True,0.9940339
28,28,True,0.9750606
4,4,True,0.95791584
2,2,True,0.94336605
20,20,True,0.9729001
38,38,True,0.83748764
48,48,True,0.8899853
11,11,True,0.9750621
38,38,True,0.39843976
30,30,True,0.989369
12,12,True,0.9722525
15,15,True,0.99548703
9,9,True,0.90460026
34,34,True,0.9674799
49,49,True,0.9972525
19,19,True,0.9954568
31,31,True,0.62334394
6,6,True,0.95989007
39,39,True,0.9886708
21,21,True,0.88105726
23,23,True,0.99016786
39,39,True,0.96354765
18,18,True,0.92667514
21,21,True,0.6752939
31,31,True,0.70465857
28,28,True,0.98399854
30,30,True,0.54534537
0,0,True,0.9753273
20,20,True,0.9885352
20,20,True,0.60999924
25,25,True,0.98955137
18,18,True,0.9354174
31,31,True,0.8671859
30,30,True,0.9826051
35,35,True,0.96989834
12,12,True,0.9888677
12,12,True,0.9280641
6,6,True,0.99703515
22,22,True,0.9623106
40,40,True,0.4238343
9,9,True,0.63588184
13,13,True,0.9983425
14,35,False,0.33180624
47,47,True,0.99728036
34,34,True,0.77946997
43,43,True,0.97203165
48,48,True,0.99151176
44,44,True,0.8960599
27,27,True,0.9524077
22,9,False,0.2994844
47,47,True,0.8371606
41,41,True,0.9601638
24,24,True,0.9922057
35,35,True,0.72137296
28,28,True,0.9176073
10,10,True,0.9940352
13,13,True,0.96655667
36,36,True,0.9981244
42,42,True,0.9492771
19,19,True,0.98151946
44,44,True,0.99747807
0,0,True,0.971501
35,35,True,0.9663165
25,25,True,0.9687358
40,40,True,0.99446976
48,23,False,0.39688623
36,36,True,0.779722
16,16,True,0.21617073
22,22,True,0.9958578
12,12,True,0.696615
37,37,True,0.99451786
39,39,True,0.29402772
30,30,True,0.50198936
22,22,True,0.7080932
31,31,True,0.50661796
38,38,True,0.99591416
38,38,True,0.973243
9,9,True,0.64494693
35,42,False,0.4525129
2,2,True,0.9974699
33,33,True,0.5997541
41,41,True,0.9594349
0,0,True,0.87891185
43,43,True,0.9946037
46,46,True,0.9918548
19,19,True,0.991441
45,45,True,0.9991954
3,3,True,0.98801684
11,11,True,0.98214716
37,37,True,0.9686904
34,34,True,0.96795034
20,20,True,0.83166736
7,7,True,0.91978
24,24,True,0.615533
47,47,True,0.4281991
16,16,True,0.9686811
24,24,True,0.99861956
47,47,True,0.9940487
49,49,True,0.9887715
12,12,True,0.8880971
36,36,True,0.996482
1,1,True,0.8931443
19,19,True,0.9962077
40,40,True,0.9855299
32,32,True,0.74290806
24,24,True,0.4849569
30,30,True,0.9939272
21,21,True,0.79641724
8,8,True,0.89944595
32,32,True,0.9899076
8,8,True,0.8236932
1,1,True,0.98808473
44,44,True,0.9860763
47,47,True,0.91398746
23,23,True,0.9454571
24,24,True,0.813648
46,46,True,0.96077704
47,47,True,0.955004
44,44,True,0.9039811
17,17,True,0.42099655
32,32,True,0.9862683
34,34,True,0.9687455
37,37,True,0.9541681
24,24,True,0.6185384
23,23,True,0.96844995
47,47,True,0.73140264
13,13,True,0.9906356
38,38,True,0.41657722
16,16,True,0.91705585
29,29,True,0.9663006
32,32,True,0.994163
6,6,True,0.882262
12,12,True,0.99329984
1,1,True,0.94193286
32,32,True,0.9842689
19,19,True,0.958389
33,33,True,0.983996
24,24,True,0.8846684
16,16,True,0.9851953
44,44,True,0.99961746
19,19,True,0.80667764
34,27,False,0.7818468
48,48,True,0.99494714
21,21,True,0.9760069
18,18,True,0.5747826
49,49,True,0.998752
18,1,False,0.40490788
6,6,True,0.96902955
20,20,True,0.828682
10,10,True,0.99474275
46,46,True,0.9825565
48,30,False,0.16231371
41,41,True,0.99491394
10,10,True,0.98834294
33,33,True,0.99616396
48,48,True,0.7917187
47,47,True,0.99686974
24,24,True,0.9964399
31,31,True,0.96464646
26,26,True,0.96077144
20,20,True,0.8816928
24,24,True,0.9740263
47,47,True,0.8055387
16,16,True,0.9986438
29,29,True,0.9833
45,45,True,0.9555406
43,43,True,0.99845695
32,32,True,0.95163035
41,41,True,0.8061161
40,40,True,0.23383516
28,28,True,0.7919071
31,31,True,0.9349251
28,28,True,0.94680095
42,35,False,0.22129485
33,33,True,0.8022244
32,32,True,0.9883245
16,16,True,0.9799012
12,12,True,0.8647739
12,12,True,0.98052317
45,45,True,0.9083464
24,24,True,0.97689444
3,3,True,0.9940896
32,32,True,0.98067576
33,33,True,0.9789065
16,16,True,0.9962288
22,22,True,0.30455753
39,39,True,0.99782556
43,43,True,0.33837327
36,36,True,0.9610145
37,37,True,0.96800554
44,44,True,0.88386035
0,0,True,0.58591723
36,36,True,0.99751675
45,45,True,0.9565468
37,37,True,0.99564147
46,46,True,0.99350196
29,29,True,0.4176898
14,14,True,0.8438221
31,31,True,0.98593616
13,13,True,0.91298217
25,25,True,0.9391607
19,19,True,0.9610549
30,30,True,0.9992767
32,32,True,0.92255324
12,12,True,0.9897832
0,0,True,0.99395615
40,40,True,0.9963806
18,18,True,0.7876063
6,6,True,0.9519284
29,29,True,0.98395014
40,40,True,0.98144984
5,5,True,0.7253759
8,8,True,0.97186565
32,32,True,0.9348048
15,15,True,0.96506786
4,22,False,0.20248444
43,43,True,0.33224788
37,37,True,0.80551183
44,44,True,0.6223847
36,42,False,0.2639903
13,13,True,0.96512324
13,13,True,0.9962984
1,1,True,0.9825515
14,14,True,0.79779214
24,24,True,0.9904496
32,32,True,0.9960722
39,39,True,0.99197656
48,48,True,0.94630426
49,49,True,0.97764605
42,42,True,0.9975545
49,49,True,0.99546623
27,27,True,0.99528056
39,39,True,0.85757434
27,27,True,0.99976176
30,30,True,0.7561809
37,37,True,0.9943996
20,20,True,0.95773613
13,13,True,0.9981178
44,44,True,0.997264
39,39,True,0.992332
5,5,True,0.8559619
2,2,True,0.691133
22,29,False,0.50340414
49,49,True,0.9918526
11,11,True,0.9992718
21,21,True,0.74250823
3,3,True,0.9618002
33,33,True,0.9403513
41,41,True,0.9374063
6,6,True,0.99973124
5,5,True,0.9735198
37,0,False,0.38875622
17,17,True,0.9986386
11,11,True,0.99053884
2,2,True,0.59680563
44,44,True,0.8143915
48,48,True,0.8401923
7,7,True,0.28831965
25,25,True,0.9974139
25,25,True,0.99552816
21,14,False,0.23072284
8,49,False,0.23382129
35,35,True,0.6522919
1,1,True,0.78936803
29,29,True,0.98919106
35,35,True,0.964287
43,43,True,0.9980792
40,40,True,0.9760827
6,6,True,0.9987262
43,43,True,0.9972715
45,45,True,0.4921097
32,32,True,0.95774144
0,0,True,0.9720509
22,22,True,0.9423444
46,46,True,0.96733576
31,31,True,0.7363446
12,12,True,0.5847516
10,10,True,0.93396515
34,34,True,0.24610136
6,6,True,0.9916769
49,49,True,0.99991345
6,6,True,0.9917979
36,36,True,0.98391783
6,6,True,0.8740129
36,36,True,0.7797447
27,27,True,0.46961778
40,40,True,0.9986577
7,7,True,0.69086546
5,5,True,0.8963698
36,36,True,0.99319756
28,28,True,0.9254752
35,35,True,0.8072245
38,38,True,0.9918133
29,29,True,0.98577476
27,27,True,0.4906732
2,2,True,0.894444
40,40,True,0.9985952
39,39,True,0.9965928
17,17,True,0.97784084
35,35,True,0.9143854
25,25,True,0.9863659
26,26,True,0.94641393
3,3,True,0.969759
5,5,True,0.9115446
30,30,True,0.9131557
18,18,True,0.98099136
19,19,True,0.97819513
40,40,True,0.9915383
42,42,True,0.99798834
28,28,True,0.92798465
3,3,True,0.8731741
24,3,False,0.6491069
39,39,True,0.935919
4,4,True,0.9859788
38,38,True,0.42147315
19,19,True,0.9890486
3,3,True,0.9809105
48,48,True,0.9446603
19,19,True,0.99305093
9,9,True,0.78027785
28,34,False,0.3725838
30,30,True,0.70007575
47,47,True,0.95171905
15,15,True,0.9945693
21,21,True,0.9814348
49,49,True,0.96743953
25,25,True,0.8675037
11,11,True,0.9979746
0,0,True,0.94297963
46,46,True,0.9876144
30,30,True,0.46274137
21,15,False,0.16458414
35,35,True,0.97407
30,30,True,0.30955932
43,43,True,0.3618022
2,2,True,0.6935088
38,38,True,0.9572893
27,27,True,0.9760469
47,27,False,0.71733135
43,43,True,0.86505526
0,0,True,0.838627
38,38,True,0.6167667
45,45,True,0.4333495
9,9,True,0.9340705
36,36,True,0.86847985
30,30,True,0.9984768
32,32,True,0.93689024
29,29,True,0.9950047
42,42,True,0.87883127
12,12,True,0.9725228
10,10,True,0.27468863
29,29,True,0.93590707
40,40,True,0.9621585
27,27,True,0.9573196
7,7,True,0.5400572
14,14,True,0.99381185
35,35,True,0.77662885
9,9,True,0.6630319
41,41,True,0.98331016
33,33,True,0.9020579
34,34,True,0.96491987
47,47,True,0.6492413
0,0,True,0.9326631
23,23,True,0.9804136
40,40,True,0.8129205
37,37,True,0.59743536
28,28,True,0.9760666
24,24,True,0.792351
40,40,True,0.29935724
16,16,True,0.99669635
11,11,True,0.9392485
33,33,True,0.93957454
46,46,True,0.992829
31,31,True,0.8925458
10,10,True,0.9974644
46,46,True,0.8373101
11,11,True,0.9060294
32,42,False,0.22488938
